dataset,variant,image_id,runtime_s
BSDS500_val,G_fmin003_ks5,101085,0.842621
BSDS500_val,G_fmin003_ks5,101087,0.833593
BSDS500_val,G_fmin003_ks5,102061,0.816432
BSDS500_val,G_fmin003_ks5,103070,0.829782
BSDS500_val,G_fmin003_ks5,105025,0.820685
BSDS500_val,G_fmin003_ks5,106024,0.801052
BSDS500_val,G_fmin003_ks5,108005,0.855302
BSDS500_val,G_fmin003_ks5,108070,0.877906
BSDS500_val,G_fmin003_ks5,108082,0.835074
BSDS500_val,G_fmin003_ks5,109053,0.837770
BSDS500_val,G_fmin003_ks5,119082,0.832279
BSDS500_val,G_fmin003_ks5,12084,0.869712
BSDS500_val,G_fmin003_ks5,123074,0.831521
BSDS500_val,G_fmin003_ks5,126007,0.829222
BSDS500_val,G_fmin003_ks5,130026,0.832468
BSDS500_val,G_fmin003_ks5,134035,0.852866
BSDS500_val,G_fmin003_ks5,14037,0.817054
BSDS500_val,G_fmin003_ks5,143090,0.814077
BSDS500_val,G_fmin003_ks5,145086,0.837390
BSDS500_val,G_fmin003_ks5,147091,0.845645
BSDS500_val,G_fmin003_ks5,148026,0.936874
BSDS500_val,G_fmin003_ks5,148089,0.911439
BSDS500_val,G_fmin003_ks5,156065,0.848764
BSDS500_val,G_fmin003_ks5,157055,0.867334
BSDS500_val,G_fmin003_ks5,159008,0.897693
BSDS500_val,G_fmin003_ks5,160068,0.864039
BSDS500_val,G_fmin003_ks5,16077,0.918138
BSDS500_val,G_fmin003_ks5,163085,0.895444
BSDS500_val,G_fmin003_ks5,167062,0.895904
BSDS500_val,G_fmin003_ks5,167083,0.869206
BSDS500_val,G_fmin003_ks5,170057,0.890735
BSDS500_val,G_fmin003_ks5,175032,0.895992
BSDS500_val,G_fmin003_ks5,175043,0.877472
BSDS500_val,G_fmin003_ks5,182053,0.832349
BSDS500_val,G_fmin003_ks5,189080,0.854675
BSDS500_val,G_fmin003_ks5,19021,0.895635
BSDS500_val,G_fmin003_ks5,196073,0.865832
BSDS500_val,G_fmin003_ks5,197017,0.845343
BSDS500_val,G_fmin003_ks5,208001,0.838232
BSDS500_val,G_fmin003_ks5,210088,0.849538
BSDS500_val,G_fmin003_ks5,21077,0.830683
BSDS500_val,G_fmin003_ks5,216081,0.853759
BSDS500_val,G_fmin003_ks5,219090,0.845364
BSDS500_val,G_fmin003_ks5,220075,0.823510
BSDS500_val,G_fmin003_ks5,223061,0.842565
BSDS500_val,G_fmin003_ks5,227092,0.828752
BSDS500_val,G_fmin003_ks5,229036,0.846875
BSDS500_val,G_fmin003_ks5,236037,0.908934
BSDS500_val,G_fmin003_ks5,24077,0.834912
BSDS500_val,G_fmin003_ks5,241004,0.831709
BSDS500_val,G_fmin003_ks5,241048,0.840211
BSDS500_val,G_fmin003_ks5,253027,0.854269
BSDS500_val,G_fmin003_ks5,253055,0.845387
BSDS500_val,G_fmin003_ks5,260058,0.845318
BSDS500_val,G_fmin003_ks5,271035,0.862333
BSDS500_val,G_fmin003_ks5,285079,0.864097
BSDS500_val,G_fmin003_ks5,291000,0.863318
BSDS500_val,G_fmin003_ks5,295087,0.840586
BSDS500_val,G_fmin003_ks5,296007,0.825288
BSDS500_val,G_fmin003_ks5,296059,0.838248
BSDS500_val,G_fmin003_ks5,299086,0.814644
BSDS500_val,G_fmin003_ks5,300091,0.844353
BSDS500_val,G_fmin003_ks5,302008,0.844682
BSDS500_val,G_fmin003_ks5,304034,0.847327
BSDS500_val,G_fmin003_ks5,304074,0.851485
BSDS500_val,G_fmin003_ks5,306005,0.852926
BSDS500_val,G_fmin003_ks5,3096,0.828852
BSDS500_val,G_fmin003_ks5,33039,0.872492
BSDS500_val,G_fmin003_ks5,351093,0.860886
BSDS500_val,G_fmin003_ks5,361010,0.843173
BSDS500_val,G_fmin003_ks5,37073,0.873329
BSDS500_val,G_fmin003_ks5,376043,0.885802
BSDS500_val,G_fmin003_ks5,38082,0.844342
BSDS500_val,G_fmin003_ks5,38092,0.829103
BSDS500_val,G_fmin003_ks5,385039,0.851435
BSDS500_val,G_fmin003_ks5,41033,0.856781
BSDS500_val,G_fmin003_ks5,41069,0.855108
BSDS500_val,G_fmin003_ks5,42012,0.852919
BSDS500_val,G_fmin003_ks5,42049,0.862323
BSDS500_val,G_fmin003_ks5,43074,0.845551
BSDS500_val,G_fmin003_ks5,45096,0.804862
BSDS500_val,G_fmin003_ks5,54082,0.892551
BSDS500_val,G_fmin003_ks5,55073,0.889036
BSDS500_val,G_fmin003_ks5,58060,0.845765
BSDS500_val,G_fmin003_ks5,62096,0.844979
BSDS500_val,G_fmin003_ks5,65033,0.856835
BSDS500_val,G_fmin003_ks5,66053,0.893859
BSDS500_val,G_fmin003_ks5,69015,0.836401
BSDS500_val,G_fmin003_ks5,69020,0.871386
BSDS500_val,G_fmin003_ks5,69040,0.888095
BSDS500_val,G_fmin003_ks5,76053,0.867827
BSDS500_val,G_fmin003_ks5,78004,0.816987
BSDS500_val,G_fmin003_ks5,8023,0.880928
BSDS500_val,G_fmin003_ks5,85048,0.832684
BSDS500_val,G_fmin003_ks5,86000,0.855361
BSDS500_val,G_fmin003_ks5,86016,0.929816
BSDS500_val,G_fmin003_ks5,86068,0.872183
BSDS500_val,G_fmin003_ks5,87046,0.863811
BSDS500_val,G_fmin003_ks5,89072,0.851133
BSDS500_val,G_fmin003_ks5,97033,0.903500
BSDS500_val,G_fmin003_ks25,101085,0.686073
BSDS500_val,G_fmin003_ks25,101087,0.700650
BSDS500_val,G_fmin003_ks25,102061,0.696335
BSDS500_val,G_fmin003_ks25,103070,0.721886
BSDS500_val,G_fmin003_ks25,105025,0.708059
BSDS500_val,G_fmin003_ks25,106024,0.688839
BSDS500_val,G_fmin003_ks25,108005,0.728238
BSDS500_val,G_fmin003_ks25,108070,0.697523
BSDS500_val,G_fmin003_ks25,108082,0.690550
BSDS500_val,G_fmin003_ks25,109053,0.727982
BSDS500_val,G_fmin003_ks25,119082,0.711920
BSDS500_val,G_fmin003_ks25,12084,0.745806
BSDS500_val,G_fmin003_ks25,123074,0.699065
BSDS500_val,G_fmin003_ks25,126007,0.683487
BSDS500_val,G_fmin003_ks25,130026,0.696723
BSDS500_val,G_fmin003_ks25,134035,0.750201
BSDS500_val,G_fmin003_ks25,14037,0.683235
BSDS500_val,G_fmin003_ks25,143090,0.687954
BSDS500_val,G_fmin003_ks25,145086,0.690469
BSDS500_val,G_fmin003_ks25,147091,0.726299
BSDS500_val,G_fmin003_ks25,148026,0.710665
BSDS500_val,G_fmin003_ks25,148089,0.670252
BSDS500_val,G_fmin003_ks25,156065,0.674137
BSDS500_val,G_fmin003_ks25,157055,0.685018
BSDS500_val,G_fmin003_ks25,159008,0.756580
BSDS500_val,G_fmin003_ks25,160068,0.676173
BSDS500_val,G_fmin003_ks25,16077,0.677148
BSDS500_val,G_fmin003_ks25,163085,0.706215
BSDS500_val,G_fmin003_ks25,167062,0.695765
BSDS500_val,G_fmin003_ks25,167083,0.676005
BSDS500_val,G_fmin003_ks25,170057,0.675519
BSDS500_val,G_fmin003_ks25,175032,0.701741
BSDS500_val,G_fmin003_ks25,175043,0.716299
BSDS500_val,G_fmin003_ks25,182053,0.728149
BSDS500_val,G_fmin003_ks25,189080,0.746581
BSDS500_val,G_fmin003_ks25,19021,0.685204
BSDS500_val,G_fmin003_ks25,196073,0.693079
BSDS500_val,G_fmin003_ks25,197017,0.684069
BSDS500_val,G_fmin003_ks25,208001,0.689211
BSDS500_val,G_fmin003_ks25,210088,0.664170
BSDS500_val,G_fmin003_ks25,21077,0.677355
BSDS500_val,G_fmin003_ks25,216081,0.682608
BSDS500_val,G_fmin003_ks25,219090,0.695419
BSDS500_val,G_fmin003_ks25,220075,0.663609
BSDS500_val,G_fmin003_ks25,223061,0.657786
BSDS500_val,G_fmin003_ks25,227092,0.655074
BSDS500_val,G_fmin003_ks25,229036,0.669741
BSDS500_val,G_fmin003_ks25,236037,0.689048
BSDS500_val,G_fmin003_ks25,24077,0.684284
BSDS500_val,G_fmin003_ks25,241004,0.697794
BSDS500_val,G_fmin003_ks25,241048,0.690894
BSDS500_val,G_fmin003_ks25,253027,0.711534
BSDS500_val,G_fmin003_ks25,253055,0.700934
BSDS500_val,G_fmin003_ks25,260058,0.662311
BSDS500_val,G_fmin003_ks25,271035,0.683853
BSDS500_val,G_fmin003_ks25,285079,0.705917
BSDS500_val,G_fmin003_ks25,291000,0.671477
BSDS500_val,G_fmin003_ks25,295087,0.662199
BSDS500_val,G_fmin003_ks25,296007,0.679753
BSDS500_val,G_fmin003_ks25,296059,0.663359
BSDS500_val,G_fmin003_ks25,299086,0.673914
BSDS500_val,G_fmin003_ks25,300091,0.684332
BSDS500_val,G_fmin003_ks25,302008,0.671328
BSDS500_val,G_fmin003_ks25,304034,0.682893
BSDS500_val,G_fmin003_ks25,304074,0.668438
BSDS500_val,G_fmin003_ks25,306005,0.695023
BSDS500_val,G_fmin003_ks25,3096,0.679382
BSDS500_val,G_fmin003_ks25,33039,0.696442
BSDS500_val,G_fmin003_ks25,351093,0.664669
BSDS500_val,G_fmin003_ks25,361010,0.668456
BSDS500_val,G_fmin003_ks25,37073,0.685572
BSDS500_val,G_fmin003_ks25,376043,0.694095
BSDS500_val,G_fmin003_ks25,38082,0.669644
BSDS500_val,G_fmin003_ks25,38092,0.698787
BSDS500_val,G_fmin003_ks25,385039,0.705025
BSDS500_val,G_fmin003_ks25,41033,0.658204
BSDS500_val,G_fmin003_ks25,41069,0.688030
BSDS500_val,G_fmin003_ks25,42012,0.668798
BSDS500_val,G_fmin003_ks25,42049,0.706347
BSDS500_val,G_fmin003_ks25,43074,0.682338
BSDS500_val,G_fmin003_ks25,45096,0.677737
BSDS500_val,G_fmin003_ks25,54082,0.764895
BSDS500_val,G_fmin003_ks25,55073,0.697224
BSDS500_val,G_fmin003_ks25,58060,0.703370
BSDS500_val,G_fmin003_ks25,62096,0.674161
BSDS500_val,G_fmin003_ks25,65033,0.693848
BSDS500_val,G_fmin003_ks25,66053,0.671149
BSDS500_val,G_fmin003_ks25,69015,0.683644
BSDS500_val,G_fmin003_ks25,69020,0.683253
BSDS500_val,G_fmin003_ks25,69040,0.709225
BSDS500_val,G_fmin003_ks25,76053,0.683845
BSDS500_val,G_fmin003_ks25,78004,0.699927
BSDS500_val,G_fmin003_ks25,8023,0.674140
BSDS500_val,G_fmin003_ks25,85048,0.677735
BSDS500_val,G_fmin003_ks25,86000,0.673161
BSDS500_val,G_fmin003_ks25,86016,0.706372
BSDS500_val,G_fmin003_ks25,86068,0.694010
BSDS500_val,G_fmin003_ks25,87046,0.678028
BSDS500_val,G_fmin003_ks25,89072,0.696455
BSDS500_val,G_fmin003_ks25,97033,0.715577
BSDS500_val,G_fmin005_ks5,101085,0.899603
BSDS500_val,G_fmin005_ks5,101087,0.853670
BSDS500_val,G_fmin005_ks5,102061,0.837443
BSDS500_val,G_fmin005_ks5,103070,0.856798
BSDS500_val,G_fmin005_ks5,105025,0.904162
BSDS500_val,G_fmin005_ks5,106024,0.850923
BSDS500_val,G_fmin005_ks5,108005,0.879105
BSDS500_val,G_fmin005_ks5,108070,0.866418
BSDS500_val,G_fmin005_ks5,108082,0.873974
BSDS500_val,G_fmin005_ks5,109053,0.843418
BSDS500_val,G_fmin005_ks5,119082,0.840908
BSDS500_val,G_fmin005_ks5,12084,0.869277
BSDS500_val,G_fmin005_ks5,123074,0.871504
BSDS500_val,G_fmin005_ks5,126007,0.880396
BSDS500_val,G_fmin005_ks5,130026,0.873821
BSDS500_val,G_fmin005_ks5,134035,0.861433
BSDS500_val,G_fmin005_ks5,14037,0.829438
BSDS500_val,G_fmin005_ks5,143090,0.822573
BSDS500_val,G_fmin005_ks5,145086,0.849962
BSDS500_val,G_fmin005_ks5,147091,0.843117
BSDS500_val,G_fmin005_ks5,148026,0.889575
BSDS500_val,G_fmin005_ks5,148089,0.843487
BSDS500_val,G_fmin005_ks5,156065,0.844468
BSDS500_val,G_fmin005_ks5,157055,0.838087
BSDS500_val,G_fmin005_ks5,159008,0.879773
BSDS500_val,G_fmin005_ks5,160068,0.836580
BSDS500_val,G_fmin005_ks5,16077,0.893271
BSDS500_val,G_fmin005_ks5,163085,0.868624
BSDS500_val,G_fmin005_ks5,167062,0.859353
BSDS500_val,G_fmin005_ks5,167083,0.874712
BSDS500_val,G_fmin005_ks5,170057,0.846818
BSDS500_val,G_fmin005_ks5,175032,0.880924
BSDS500_val,G_fmin005_ks5,175043,0.873514
BSDS500_val,G_fmin005_ks5,182053,0.864625
BSDS500_val,G_fmin005_ks5,189080,0.899050
BSDS500_val,G_fmin005_ks5,19021,0.902502
BSDS500_val,G_fmin005_ks5,196073,0.874672
BSDS500_val,G_fmin005_ks5,197017,1.633600
BSDS500_val,G_fmin005_ks5,208001,0.886244
BSDS500_val,G_fmin005_ks5,210088,0.860466
BSDS500_val,G_fmin005_ks5,21077,0.874118
BSDS500_val,G_fmin005_ks5,216081,0.862651
BSDS500_val,G_fmin005_ks5,219090,0.884577
BSDS500_val,G_fmin005_ks5,220075,0.882891
BSDS500_val,G_fmin005_ks5,223061,0.927292
BSDS500_val,G_fmin005_ks5,227092,0.851699
BSDS500_val,G_fmin005_ks5,229036,0.871636
BSDS500_val,G_fmin005_ks5,236037,0.896125
BSDS500_val,G_fmin005_ks5,24077,0.862079
BSDS500_val,G_fmin005_ks5,241004,0.845387
BSDS500_val,G_fmin005_ks5,241048,0.997028
BSDS500_val,G_fmin005_ks5,253027,2.114210
BSDS500_val,G_fmin005_ks5,253055,2.061589
BSDS500_val,G_fmin005_ks5,260058,2.057639
BSDS500_val,G_fmin005_ks5,271035,1.943651
BSDS500_val,G_fmin005_ks5,285079,2.067282
BSDS500_val,G_fmin005_ks5,291000,2.038826
BSDS500_val,G_fmin005_ks5,295087,2.063418
BSDS500_val,G_fmin005_ks5,296007,2.008551
BSDS500_val,G_fmin005_ks5,296059,1.989727
BSDS500_val,G_fmin005_ks5,299086,2.083508
BSDS500_val,G_fmin005_ks5,300091,1.980386
BSDS500_val,G_fmin005_ks5,302008,1.975612
BSDS500_val,G_fmin005_ks5,304034,2.165993
BSDS500_val,G_fmin005_ks5,304074,2.036454
BSDS500_val,G_fmin005_ks5,306005,2.095194
BSDS500_val,G_fmin005_ks5,3096,1.945108
BSDS500_val,G_fmin005_ks5,33039,2.050553
BSDS500_val,G_fmin005_ks5,351093,2.112732
BSDS500_val,G_fmin005_ks5,361010,1.899833
BSDS500_val,G_fmin005_ks5,37073,2.013730
BSDS500_val,G_fmin005_ks5,376043,2.131565
BSDS500_val,G_fmin005_ks5,38082,2.163672
BSDS500_val,G_fmin005_ks5,38092,1.999775
BSDS500_val,G_fmin005_ks5,385039,2.136610
BSDS500_val,G_fmin005_ks5,41033,1.005109
BSDS500_val,G_fmin005_ks5,41069,0.845499
BSDS500_val,G_fmin005_ks5,42012,0.848987
BSDS500_val,G_fmin005_ks5,42049,0.827828
BSDS500_val,G_fmin005_ks5,43074,0.837540
BSDS500_val,G_fmin005_ks5,45096,0.832436
BSDS500_val,G_fmin005_ks5,54082,0.861183
BSDS500_val,G_fmin005_ks5,55073,0.859924
BSDS500_val,G_fmin005_ks5,58060,0.852440
BSDS500_val,G_fmin005_ks5,62096,0.841336
BSDS500_val,G_fmin005_ks5,65033,0.852095
BSDS500_val,G_fmin005_ks5,66053,0.844505
BSDS500_val,G_fmin005_ks5,69015,0.841489
BSDS500_val,G_fmin005_ks5,69020,0.855013
BSDS500_val,G_fmin005_ks5,69040,0.868350
BSDS500_val,G_fmin005_ks5,76053,0.844394
BSDS500_val,G_fmin005_ks5,78004,0.832495
BSDS500_val,G_fmin005_ks5,8023,0.842680
BSDS500_val,G_fmin005_ks5,85048,0.843306
BSDS500_val,G_fmin005_ks5,86000,0.840045
BSDS500_val,G_fmin005_ks5,86016,0.848346
BSDS500_val,G_fmin005_ks5,86068,0.843891
BSDS500_val,G_fmin005_ks5,87046,0.843429
BSDS500_val,G_fmin005_ks5,89072,0.842113
BSDS500_val,G_fmin005_ks5,97033,0.839806
BSDS500_val,G_fmin005_ks25,101085,0.733939
BSDS500_val,G_fmin005_ks25,101087,0.745103
BSDS500_val,G_fmin005_ks25,102061,0.726015
BSDS500_val,G_fmin005_ks25,103070,0.731199
BSDS500_val,G_fmin005_ks25,105025,0.743713
BSDS500_val,G_fmin005_ks25,106024,0.726503
BSDS500_val,G_fmin005_ks25,108005,0.748890
BSDS500_val,G_fmin005_ks25,108070,0.754550
BSDS500_val,G_fmin005_ks25,108082,0.753643
BSDS500_val,G_fmin005_ks25,109053,0.739317
BSDS500_val,G_fmin005_ks25,119082,0.742884
BSDS500_val,G_fmin005_ks25,12084,1.981758
BSDS500_val,G_fmin005_ks25,123074,1.800124
BSDS500_val,G_fmin005_ks25,126007,1.792485
BSDS500_val,G_fmin005_ks25,130026,1.796498
BSDS500_val,G_fmin005_ks25,134035,1.802510
BSDS500_val,G_fmin005_ks25,14037,1.784535
BSDS500_val,G_fmin005_ks25,143090,1.796528
BSDS500_val,G_fmin005_ks25,145086,1.816542
BSDS500_val,G_fmin005_ks25,147091,1.716588
BSDS500_val,G_fmin005_ks25,148026,1.839177
BSDS500_val,G_fmin005_ks25,148089,1.869946
BSDS500_val,G_fmin005_ks25,156065,1.848480
BSDS500_val,G_fmin005_ks25,157055,1.913837
BSDS500_val,G_fmin005_ks25,159008,1.821908
BSDS500_val,G_fmin005_ks25,160068,1.834897
BSDS500_val,G_fmin005_ks25,16077,1.686461
BSDS500_val,G_fmin005_ks25,163085,1.822697
BSDS500_val,G_fmin005_ks25,167062,1.879098
BSDS500_val,G_fmin005_ks25,167083,1.812341
BSDS500_val,G_fmin005_ks25,170057,1.796768
BSDS500_val,G_fmin005_ks25,175032,1.788903
BSDS500_val,G_fmin005_ks25,175043,1.784497
BSDS500_val,G_fmin005_ks25,182053,1.932746
BSDS500_val,G_fmin005_ks25,189080,1.739538
BSDS500_val,G_fmin005_ks25,19021,1.742906
BSDS500_val,G_fmin005_ks25,196073,1.732284
BSDS500_val,G_fmin005_ks25,197017,1.733686
BSDS500_val,G_fmin005_ks25,208001,1.814484
BSDS500_val,G_fmin005_ks25,210088,1.806564
BSDS500_val,G_fmin005_ks25,21077,1.897440
BSDS500_val,G_fmin005_ks25,216081,1.834001
BSDS500_val,G_fmin005_ks25,219090,1.763789
BSDS500_val,G_fmin005_ks25,220075,1.805357
BSDS500_val,G_fmin005_ks25,223061,1.792348
BSDS500_val,G_fmin005_ks25,227092,1.885528
BSDS500_val,G_fmin005_ks25,229036,1.756538
BSDS500_val,G_fmin005_ks25,236037,1.760105
BSDS500_val,G_fmin005_ks25,24077,1.900185
BSDS500_val,G_fmin005_ks25,241004,1.833072
BSDS500_val,G_fmin005_ks25,241048,1.767400
BSDS500_val,G_fmin005_ks25,253027,1.917811
BSDS500_val,G_fmin005_ks25,253055,1.818931
BSDS500_val,G_fmin005_ks25,260058,1.886791
BSDS500_val,G_fmin005_ks25,271035,1.801584
BSDS500_val,G_fmin005_ks25,285079,1.781135
BSDS500_val,G_fmin005_ks25,291000,1.791906
BSDS500_val,G_fmin005_ks25,295087,1.818565
BSDS500_val,G_fmin005_ks25,296007,1.840753
BSDS500_val,G_fmin005_ks25,296059,1.875181
BSDS500_val,G_fmin005_ks25,299086,1.740612
BSDS500_val,G_fmin005_ks25,300091,1.869348
BSDS500_val,G_fmin005_ks25,302008,1.837850
BSDS500_val,G_fmin005_ks25,304034,1.832570
BSDS500_val,G_fmin005_ks25,304074,1.828008
BSDS500_val,G_fmin005_ks25,306005,1.831604
BSDS500_val,G_fmin005_ks25,3096,1.819049
BSDS500_val,G_fmin005_ks25,33039,1.859688
BSDS500_val,G_fmin005_ks25,351093,1.846854
BSDS500_val,G_fmin005_ks25,361010,1.857874
BSDS500_val,G_fmin005_ks25,37073,1.877817
BSDS500_val,G_fmin005_ks25,376043,1.675037
BSDS500_val,G_fmin005_ks25,38082,0.783349
BSDS500_val,G_fmin005_ks25,38092,0.736085
BSDS500_val,G_fmin005_ks25,385039,0.740258
BSDS500_val,G_fmin005_ks25,41033,0.735076
BSDS500_val,G_fmin005_ks25,41069,0.732587
BSDS500_val,G_fmin005_ks25,42012,0.735340
BSDS500_val,G_fmin005_ks25,42049,0.747279
BSDS500_val,G_fmin005_ks25,43074,0.763267
BSDS500_val,G_fmin005_ks25,45096,0.724776
BSDS500_val,G_fmin005_ks25,54082,0.725844
BSDS500_val,G_fmin005_ks25,55073,0.735575
BSDS500_val,G_fmin005_ks25,58060,0.731310
BSDS500_val,G_fmin005_ks25,62096,0.724614
BSDS500_val,G_fmin005_ks25,65033,0.740152
BSDS500_val,G_fmin005_ks25,66053,0.755356
BSDS500_val,G_fmin005_ks25,69015,0.735106
BSDS500_val,G_fmin005_ks25,69020,0.730306
BSDS500_val,G_fmin005_ks25,69040,0.754202
BSDS500_val,G_fmin005_ks25,76053,0.727975
BSDS500_val,G_fmin005_ks25,78004,0.735843
BSDS500_val,G_fmin005_ks25,8023,0.740655
BSDS500_val,G_fmin005_ks25,85048,0.754012
BSDS500_val,G_fmin005_ks25,86000,0.741780
BSDS500_val,G_fmin005_ks25,86016,0.731598
BSDS500_val,G_fmin005_ks25,86068,0.732857
BSDS500_val,G_fmin005_ks25,87046,0.730599
BSDS500_val,G_fmin005_ks25,89072,0.734787
BSDS500_val,G_fmin005_ks25,97033,0.732464
BSDS500_val,G_fmin008_ks5,101085,0.880820
BSDS500_val,G_fmin008_ks5,101087,0.848465
BSDS500_val,G_fmin008_ks5,102061,0.845602
BSDS500_val,G_fmin008_ks5,103070,0.851970
BSDS500_val,G_fmin008_ks5,105025,0.856104
BSDS500_val,G_fmin008_ks5,106024,0.839545
BSDS500_val,G_fmin008_ks5,108005,0.879511
BSDS500_val,G_fmin008_ks5,108070,0.875355
BSDS500_val,G_fmin008_ks5,108082,0.913996
BSDS500_val,G_fmin008_ks5,109053,0.883190
BSDS500_val,G_fmin008_ks5,119082,0.852307
BSDS500_val,G_fmin008_ks5,12084,0.865311
BSDS500_val,G_fmin008_ks5,123074,0.854802
BSDS500_val,G_fmin008_ks5,126007,0.866910
BSDS500_val,G_fmin008_ks5,130026,1.621656
BSDS500_val,G_fmin008_ks5,134035,2.184677
BSDS500_val,G_fmin008_ks5,14037,2.039763
BSDS500_val,G_fmin008_ks5,143090,2.179010
BSDS500_val,G_fmin008_ks5,145086,2.163067
BSDS500_val,G_fmin008_ks5,147091,2.150557
BSDS500_val,G_fmin008_ks5,148026,2.024423
BSDS500_val,G_fmin008_ks5,148089,2.142914
BSDS500_val,G_fmin008_ks5,156065,2.157684
BSDS500_val,G_fmin008_ks5,157055,2.065992
BSDS500_val,G_fmin008_ks5,159008,2.120993
BSDS500_val,G_fmin008_ks5,160068,2.117004
BSDS500_val,G_fmin008_ks5,16077,1.990278
BSDS500_val,G_fmin008_ks5,163085,1.982348
BSDS500_val,G_fmin008_ks5,167062,1.965640
BSDS500_val,G_fmin008_ks5,167083,2.020400
BSDS500_val,G_fmin008_ks5,170057,1.889524
BSDS500_val,G_fmin008_ks5,175032,2.012174
BSDS500_val,G_fmin008_ks5,175043,2.015294
BSDS500_val,G_fmin008_ks5,182053,2.027093
BSDS500_val,G_fmin008_ks5,189080,2.029719
BSDS500_val,G_fmin008_ks5,19021,2.064688
BSDS500_val,G_fmin008_ks5,196073,2.006425
BSDS500_val,G_fmin008_ks5,197017,1.972487
BSDS500_val,G_fmin008_ks5,208001,1.863984
BSDS500_val,G_fmin008_ks5,210088,1.961757
BSDS500_val,G_fmin008_ks5,21077,2.000655
BSDS500_val,G_fmin008_ks5,216081,1.988398
BSDS500_val,G_fmin008_ks5,219090,2.027276
BSDS500_val,G_fmin008_ks5,220075,2.141146
BSDS500_val,G_fmin008_ks5,223061,2.179830
BSDS500_val,G_fmin008_ks5,227092,2.186742
BSDS500_val,G_fmin008_ks5,229036,2.106241
BSDS500_val,G_fmin008_ks5,236037,2.207143
BSDS500_val,G_fmin008_ks5,24077,2.151498
BSDS500_val,G_fmin008_ks5,241004,1.978290
BSDS500_val,G_fmin008_ks5,241048,2.033412
BSDS500_val,G_fmin008_ks5,253027,1.946110
BSDS500_val,G_fmin008_ks5,253055,1.987526
BSDS500_val,G_fmin008_ks5,260058,1.911529
BSDS500_val,G_fmin008_ks5,271035,1.941305
BSDS500_val,G_fmin008_ks5,285079,2.016069
BSDS500_val,G_fmin008_ks5,291000,2.009354
BSDS500_val,G_fmin008_ks5,295087,2.060985
BSDS500_val,G_fmin008_ks5,296007,2.008898
BSDS500_val,G_fmin008_ks5,296059,1.954290
BSDS500_val,G_fmin008_ks5,299086,2.047862
BSDS500_val,G_fmin008_ks5,300091,1.950789
BSDS500_val,G_fmin008_ks5,302008,2.047974
BSDS500_val,G_fmin008_ks5,304034,2.087962
BSDS500_val,G_fmin008_ks5,304074,2.025386
BSDS500_val,G_fmin008_ks5,306005,2.061926
BSDS500_val,G_fmin008_ks5,3096,2.021840
BSDS500_val,G_fmin008_ks5,33039,2.023711
BSDS500_val,G_fmin008_ks5,351093,2.047760
BSDS500_val,G_fmin008_ks5,361010,2.046106
BSDS500_val,G_fmin008_ks5,37073,2.051917
BSDS500_val,G_fmin008_ks5,376043,2.070881
BSDS500_val,G_fmin008_ks5,38082,2.008452
BSDS500_val,G_fmin008_ks5,38092,2.028623
BSDS500_val,G_fmin008_ks5,385039,2.039877
BSDS500_val,G_fmin008_ks5,41033,1.953082
BSDS500_val,G_fmin008_ks5,41069,2.061050
BSDS500_val,G_fmin008_ks5,42012,2.104812
BSDS500_val,G_fmin008_ks5,42049,2.036662
BSDS500_val,G_fmin008_ks5,43074,2.083252
BSDS500_val,G_fmin008_ks5,45096,0.900394
BSDS500_val,G_fmin008_ks5,54082,1.716176
BSDS500_val,G_fmin008_ks5,55073,1.987822
BSDS500_val,G_fmin008_ks5,58060,2.037480
BSDS500_val,G_fmin008_ks5,62096,2.082744
BSDS500_val,G_fmin008_ks5,65033,2.034376
BSDS500_val,G_fmin008_ks5,66053,1.891753
BSDS500_val,G_fmin008_ks5,69015,2.194970
BSDS500_val,G_fmin008_ks5,69020,1.961444
BSDS500_val,G_fmin008_ks5,69040,2.114593
BSDS500_val,G_fmin008_ks5,76053,2.057941
BSDS500_val,G_fmin008_ks5,78004,2.036916
BSDS500_val,G_fmin008_ks5,8023,1.983190
BSDS500_val,G_fmin008_ks5,85048,2.054430
BSDS500_val,G_fmin008_ks5,86000,2.038806
BSDS500_val,G_fmin008_ks5,86016,2.089665
BSDS500_val,G_fmin008_ks5,86068,1.987137
BSDS500_val,G_fmin008_ks5,87046,2.070574
BSDS500_val,G_fmin008_ks5,89072,2.053598
BSDS500_val,G_fmin008_ks5,97033,2.026836
BSDS500_val,G_fmin008_ks25,101085,2.036424
BSDS500_val,G_fmin008_ks25,101087,1.983565
BSDS500_val,G_fmin008_ks25,102061,2.002926
BSDS500_val,G_fmin008_ks25,103070,1.960671
BSDS500_val,G_fmin008_ks25,105025,2.110804
BSDS500_val,G_fmin008_ks25,106024,1.890527
BSDS500_val,G_fmin008_ks25,108005,1.937548
BSDS500_val,G_fmin008_ks25,108070,2.115018
BSDS500_val,G_fmin008_ks25,108082,1.834427
BSDS500_val,G_fmin008_ks25,109053,1.968246
BSDS500_val,G_fmin008_ks25,119082,2.023603
BSDS500_val,G_fmin008_ks25,12084,1.918260
BSDS500_val,G_fmin008_ks25,123074,2.076541
BSDS500_val,G_fmin008_ks25,126007,2.044073
BSDS500_val,G_fmin008_ks25,130026,2.051248
BSDS500_val,G_fmin008_ks25,134035,2.067673
BSDS500_val,G_fmin008_ks25,14037,1.949730
BSDS500_val,G_fmin008_ks25,143090,2.021507
BSDS500_val,G_fmin008_ks25,145086,2.029692
BSDS500_val,G_fmin008_ks25,147091,2.018035
BSDS500_val,G_fmin008_ks25,148026,1.987353
BSDS500_val,G_fmin008_ks25,148089,1.970025
BSDS500_val,G_fmin008_ks25,156065,2.020389
BSDS500_val,G_fmin008_ks25,157055,2.034057
BSDS500_val,G_fmin008_ks25,159008,2.006293
BSDS500_val,G_fmin008_ks25,160068,2.033172
BSDS500_val,G_fmin008_ks25,16077,2.165836
BSDS500_val,G_fmin008_ks25,163085,2.044614
BSDS500_val,G_fmin008_ks25,167062,2.026409
BSDS500_val,G_fmin008_ks25,167083,2.033818
BSDS500_val,G_fmin008_ks25,170057,1.895034
BSDS500_val,G_fmin008_ks25,175032,1.938984
BSDS500_val,G_fmin008_ks25,175043,2.013169
BSDS500_val,G_fmin008_ks25,182053,2.026318
BSDS500_val,G_fmin008_ks25,189080,1.876733
BSDS500_val,G_fmin008_ks25,19021,1.990588
BSDS500_val,G_fmin008_ks25,196073,1.957995
BSDS500_val,G_fmin008_ks25,197017,1.984129
BSDS500_val,G_fmin008_ks25,208001,1.921216
BSDS500_val,G_fmin008_ks25,210088,1.988875
BSDS500_val,G_fmin008_ks25,21077,2.071421
BSDS500_val,G_fmin008_ks25,216081,1.992057
BSDS500_val,G_fmin008_ks25,219090,1.992994
BSDS500_val,G_fmin008_ks25,220075,1.917965
BSDS500_val,G_fmin008_ks25,223061,1.991804
BSDS500_val,G_fmin008_ks25,227092,1.894873
BSDS500_val,G_fmin008_ks25,229036,1.890334
BSDS500_val,G_fmin008_ks25,236037,1.899366
BSDS500_val,G_fmin008_ks25,24077,1.875684
BSDS500_val,G_fmin008_ks25,241004,2.026953
BSDS500_val,G_fmin008_ks25,241048,1.914531
BSDS500_val,G_fmin008_ks25,253027,1.971424
BSDS500_val,G_fmin008_ks25,253055,2.146722
BSDS500_val,G_fmin008_ks25,260058,2.017755
BSDS500_val,G_fmin008_ks25,271035,1.838652
BSDS500_val,G_fmin008_ks25,285079,1.940056
BSDS500_val,G_fmin008_ks25,291000,1.894090
BSDS500_val,G_fmin008_ks25,295087,2.011948
BSDS500_val,G_fmin008_ks25,296007,1.981625
BSDS500_val,G_fmin008_ks25,296059,1.941470
BSDS500_val,G_fmin008_ks25,299086,1.878433
BSDS500_val,G_fmin008_ks25,300091,1.817799
BSDS500_val,G_fmin008_ks25,302008,1.956520
BSDS500_val,G_fmin008_ks25,304034,1.931472
BSDS500_val,G_fmin008_ks25,304074,1.994277
BSDS500_val,G_fmin008_ks25,306005,1.835961
BSDS500_val,G_fmin008_ks25,3096,1.942998
BSDS500_val,G_fmin008_ks25,33039,1.928754
BSDS500_val,G_fmin008_ks25,351093,2.020707
BSDS500_val,G_fmin008_ks25,361010,1.992712
BSDS500_val,G_fmin008_ks25,37073,1.995740
BSDS500_val,G_fmin008_ks25,376043,2.055595
BSDS500_val,G_fmin008_ks25,38082,2.078198
BSDS500_val,G_fmin008_ks25,38092,1.935621
BSDS500_val,G_fmin008_ks25,385039,2.020825
BSDS500_val,G_fmin008_ks25,41033,1.927963
BSDS500_val,G_fmin008_ks25,41069,2.010441
BSDS500_val,G_fmin008_ks25,42012,1.967126
BSDS500_val,G_fmin008_ks25,42049,1.865802
BSDS500_val,G_fmin008_ks25,43074,2.031885
BSDS500_val,G_fmin008_ks25,45096,2.011327
BSDS500_val,G_fmin008_ks25,54082,1.889514
BSDS500_val,G_fmin008_ks25,55073,1.941524
BSDS500_val,G_fmin008_ks25,58060,1.858600
BSDS500_val,G_fmin008_ks25,62096,1.950928
BSDS500_val,G_fmin008_ks25,65033,1.984039
BSDS500_val,G_fmin008_ks25,66053,1.983517
BSDS500_val,G_fmin008_ks25,69015,1.942613
BSDS500_val,G_fmin008_ks25,69020,1.978780
BSDS500_val,G_fmin008_ks25,69040,1.994139
BSDS500_val,G_fmin008_ks25,76053,2.018318
BSDS500_val,G_fmin008_ks25,78004,1.973686
BSDS500_val,G_fmin008_ks25,8023,2.053306
BSDS500_val,G_fmin008_ks25,85048,1.902400
BSDS500_val,G_fmin008_ks25,86000,1.935956
BSDS500_val,G_fmin008_ks25,86016,1.932816
BSDS500_val,G_fmin008_ks25,86068,1.842437
BSDS500_val,G_fmin008_ks25,87046,1.955373
BSDS500_val,G_fmin008_ks25,89072,1.888545
BSDS500_val,G_fmin008_ks25,97033,2.066375
BSDS500_val,G_fmin012_ks5,101085,2.139712
BSDS500_val,G_fmin012_ks5,101087,2.046598
BSDS500_val,G_fmin012_ks5,102061,2.059495
BSDS500_val,G_fmin012_ks5,103070,1.961748
BSDS500_val,G_fmin012_ks5,105025,2.027127
BSDS500_val,G_fmin012_ks5,106024,2.093869
BSDS500_val,G_fmin012_ks5,108005,2.147468
BSDS500_val,G_fmin012_ks5,108070,2.029743
BSDS500_val,G_fmin012_ks5,108082,2.151337
BSDS500_val,G_fmin012_ks5,109053,1.096559
BSDS500_val,G_fmin012_ks5,119082,0.872653
BSDS500_val,G_fmin012_ks5,12084,0.870081
BSDS500_val,G_fmin012_ks5,123074,0.863561
BSDS500_val,G_fmin012_ks5,126007,0.853244
BSDS500_val,G_fmin012_ks5,130026,0.854313
BSDS500_val,G_fmin012_ks5,134035,0.900053
BSDS500_val,G_fmin012_ks5,14037,0.848974
BSDS500_val,G_fmin012_ks5,143090,0.848889
BSDS500_val,G_fmin012_ks5,145086,0.858924
BSDS500_val,G_fmin012_ks5,147091,0.863050
BSDS500_val,G_fmin012_ks5,148026,1.326726
BSDS500_val,G_fmin012_ks5,148089,2.074026
BSDS500_val,G_fmin012_ks5,156065,1.955072
BSDS500_val,G_fmin012_ks5,157055,2.048749
BSDS500_val,G_fmin012_ks5,159008,2.045794
BSDS500_val,G_fmin012_ks5,160068,2.011229
BSDS500_val,G_fmin012_ks5,16077,1.977172
BSDS500_val,G_fmin012_ks5,163085,2.013293
BSDS500_val,G_fmin012_ks5,167062,2.008711
BSDS500_val,G_fmin012_ks5,167083,2.007353
BSDS500_val,G_fmin012_ks5,170057,1.982858
BSDS500_val,G_fmin012_ks5,175032,2.029274
BSDS500_val,G_fmin012_ks5,175043,2.049893
BSDS500_val,G_fmin012_ks5,182053,2.045653
BSDS500_val,G_fmin012_ks5,189080,1.962963
BSDS500_val,G_fmin012_ks5,19021,2.022791
BSDS500_val,G_fmin012_ks5,196073,2.053317
BSDS500_val,G_fmin012_ks5,197017,2.070783
BSDS500_val,G_fmin012_ks5,208001,1.903884
BSDS500_val,G_fmin012_ks5,210088,1.910066
BSDS500_val,G_fmin012_ks5,21077,2.077127
BSDS500_val,G_fmin012_ks5,216081,2.095261
BSDS500_val,G_fmin012_ks5,219090,2.014021
BSDS500_val,G_fmin012_ks5,220075,1.950818
BSDS500_val,G_fmin012_ks5,223061,1.996635
BSDS500_val,G_fmin012_ks5,227092,2.185779
BSDS500_val,G_fmin012_ks5,229036,1.991763
BSDS500_val,G_fmin012_ks5,236037,2.156012
BSDS500_val,G_fmin012_ks5,24077,2.125601
BSDS500_val,G_fmin012_ks5,241004,2.084633
BSDS500_val,G_fmin012_ks5,241048,2.059117
BSDS500_val,G_fmin012_ks5,253027,2.055097
BSDS500_val,G_fmin012_ks5,253055,1.941048
BSDS500_val,G_fmin012_ks5,260058,2.028549
BSDS500_val,G_fmin012_ks5,271035,2.063648
BSDS500_val,G_fmin012_ks5,285079,1.985333
BSDS500_val,G_fmin012_ks5,291000,2.020153
BSDS500_val,G_fmin012_ks5,295087,1.934629
BSDS500_val,G_fmin012_ks5,296007,2.010726
BSDS500_val,G_fmin012_ks5,296059,2.086792
BSDS500_val,G_fmin012_ks5,299086,2.003614
BSDS500_val,G_fmin012_ks5,300091,2.050020
BSDS500_val,G_fmin012_ks5,302008,1.996857
BSDS500_val,G_fmin012_ks5,304034,1.967452
BSDS500_val,G_fmin012_ks5,304074,2.017559
BSDS500_val,G_fmin012_ks5,306005,2.087535
BSDS500_val,G_fmin012_ks5,3096,2.134023
BSDS500_val,G_fmin012_ks5,33039,2.044768
BSDS500_val,G_fmin012_ks5,351093,1.963147
BSDS500_val,G_fmin012_ks5,361010,1.989285
BSDS500_val,G_fmin012_ks5,37073,2.030073
BSDS500_val,G_fmin012_ks5,376043,1.988013
BSDS500_val,G_fmin012_ks5,38082,2.069099
BSDS500_val,G_fmin012_ks5,38092,2.077965
BSDS500_val,G_fmin012_ks5,385039,1.995845
BSDS500_val,G_fmin012_ks5,41033,2.040738
BSDS500_val,G_fmin012_ks5,41069,2.061475
BSDS500_val,G_fmin012_ks5,42012,2.029005
BSDS500_val,G_fmin012_ks5,42049,2.010146
BSDS500_val,G_fmin012_ks5,43074,1.986571
BSDS500_val,G_fmin012_ks5,45096,2.150141
BSDS500_val,G_fmin012_ks5,54082,2.178393
BSDS500_val,G_fmin012_ks5,55073,2.184150
BSDS500_val,G_fmin012_ks5,58060,2.010665
BSDS500_val,G_fmin012_ks5,62096,2.198781
BSDS500_val,G_fmin012_ks5,65033,2.146157
BSDS500_val,G_fmin012_ks5,66053,2.040291
BSDS500_val,G_fmin012_ks5,69015,2.167192
BSDS500_val,G_fmin012_ks5,69020,2.041937
BSDS500_val,G_fmin012_ks5,69040,2.042290
BSDS500_val,G_fmin012_ks5,76053,2.207270
BSDS500_val,G_fmin012_ks5,78004,2.007592
BSDS500_val,G_fmin012_ks5,8023,2.008588
BSDS500_val,G_fmin012_ks5,85048,1.920702
BSDS500_val,G_fmin012_ks5,86000,2.019605
BSDS500_val,G_fmin012_ks5,86016,2.168183
BSDS500_val,G_fmin012_ks5,86068,2.010784
BSDS500_val,G_fmin012_ks5,87046,2.020276
BSDS500_val,G_fmin012_ks5,89072,1.945517
BSDS500_val,G_fmin012_ks5,97033,1.863579
BSDS500_val,G_fmin012_ks25,101085,1.866550
BSDS500_val,G_fmin012_ks25,101087,1.969118
BSDS500_val,G_fmin012_ks25,102061,1.983258
BSDS500_val,G_fmin012_ks25,103070,2.093159
BSDS500_val,G_fmin012_ks25,105025,2.008281
BSDS500_val,G_fmin012_ks25,106024,2.123865
BSDS500_val,G_fmin012_ks25,108005,2.075274
BSDS500_val,G_fmin012_ks25,108070,1.939194
BSDS500_val,G_fmin012_ks25,108082,2.170572
BSDS500_val,G_fmin012_ks25,109053,1.943137
BSDS500_val,G_fmin012_ks25,119082,1.883394
BSDS500_val,G_fmin012_ks25,12084,1.949635
BSDS500_val,G_fmin012_ks25,123074,2.053631
BSDS500_val,G_fmin012_ks25,126007,1.951663
BSDS500_val,G_fmin012_ks25,130026,2.117656
BSDS500_val,G_fmin012_ks25,134035,1.889207
BSDS500_val,G_fmin012_ks25,14037,1.956701
BSDS500_val,G_fmin012_ks25,143090,1.899027
BSDS500_val,G_fmin012_ks25,145086,1.890462
BSDS500_val,G_fmin012_ks25,147091,1.967501
BSDS500_val,G_fmin012_ks25,148026,1.953461
BSDS500_val,G_fmin012_ks25,148089,1.952894
BSDS500_val,G_fmin012_ks25,156065,1.798537
BSDS500_val,G_fmin012_ks25,157055,1.970993
BSDS500_val,G_fmin012_ks25,159008,1.949389
BSDS500_val,G_fmin012_ks25,160068,1.901771
BSDS500_val,G_fmin012_ks25,16077,2.123604
BSDS500_val,G_fmin012_ks25,163085,2.078170
BSDS500_val,G_fmin012_ks25,167062,2.043834
BSDS500_val,G_fmin012_ks25,167083,2.052893
BSDS500_val,G_fmin012_ks25,170057,2.106536
BSDS500_val,G_fmin012_ks25,175032,2.095053
BSDS500_val,G_fmin012_ks25,175043,2.035940
BSDS500_val,G_fmin012_ks25,182053,2.188473
BSDS500_val,G_fmin012_ks25,189080,2.021290
BSDS500_val,G_fmin012_ks25,19021,1.929840
BSDS500_val,G_fmin012_ks25,196073,2.003363
BSDS500_val,G_fmin012_ks25,197017,2.019693
BSDS500_val,G_fmin012_ks25,208001,2.046264
BSDS500_val,G_fmin012_ks25,210088,2.079591
BSDS500_val,G_fmin012_ks25,21077,2.162371
BSDS500_val,G_fmin012_ks25,216081,2.021342
BSDS500_val,G_fmin012_ks25,219090,1.630416
BSDS500_val,G_fmin012_ks25,220075,0.938862
BSDS500_val,G_fmin012_ks25,223061,0.884727
BSDS500_val,G_fmin012_ks25,227092,2.030430
BSDS500_val,G_fmin012_ks25,229036,0.936807
BSDS500_val,G_fmin012_ks25,236037,0.902604
BSDS500_val,G_fmin012_ks25,24077,0.887560
BSDS500_val,G_fmin012_ks25,241004,0.934050
BSDS500_val,G_fmin012_ks25,241048,0.875872
BSDS500_val,G_fmin012_ks25,253027,0.866603
BSDS500_val,G_fmin012_ks25,253055,0.859775
BSDS500_val,G_fmin012_ks25,260058,0.851563
BSDS500_val,G_fmin012_ks25,271035,0.858823
BSDS500_val,G_fmin012_ks25,285079,0.866936
BSDS500_val,G_fmin012_ks25,291000,0.864823
BSDS500_val,G_fmin012_ks25,295087,0.862476
BSDS500_val,G_fmin012_ks25,296007,0.853042
BSDS500_val,G_fmin012_ks25,296059,0.851919
BSDS500_val,G_fmin012_ks25,299086,0.851451
BSDS500_val,G_fmin012_ks25,300091,0.856877
BSDS500_val,G_fmin012_ks25,302008,0.854933
BSDS500_val,G_fmin012_ks25,304034,0.861455
BSDS500_val,G_fmin012_ks25,304074,0.857777
BSDS500_val,G_fmin012_ks25,306005,0.859615
BSDS500_val,G_fmin012_ks25,3096,0.860576
BSDS500_val,G_fmin012_ks25,33039,0.857347
BSDS500_val,G_fmin012_ks25,351093,0.854894
BSDS500_val,G_fmin012_ks25,361010,0.855480
BSDS500_val,G_fmin012_ks25,37073,0.848029
BSDS500_val,G_fmin012_ks25,376043,0.850890
BSDS500_val,G_fmin012_ks25,38082,0.847034
BSDS500_val,G_fmin012_ks25,38092,0.851658
BSDS500_val,G_fmin012_ks25,385039,0.870327
BSDS500_val,G_fmin012_ks25,41033,0.918451
BSDS500_val,G_fmin012_ks25,41069,0.869767
BSDS500_val,G_fmin012_ks25,42012,0.892239
BSDS500_val,G_fmin012_ks25,42049,0.871679
BSDS500_val,G_fmin012_ks25,43074,0.882617
BSDS500_val,G_fmin012_ks25,45096,0.850845
BSDS500_val,G_fmin012_ks25,54082,0.847218
BSDS500_val,G_fmin012_ks25,55073,0.848276
BSDS500_val,G_fmin012_ks25,58060,0.847205
BSDS500_val,G_fmin012_ks25,62096,0.850381
BSDS500_val,G_fmin012_ks25,65033,0.851175
BSDS500_val,G_fmin012_ks25,66053,0.846707
BSDS500_val,G_fmin012_ks25,69015,0.850379
BSDS500_val,G_fmin012_ks25,69020,0.859497
BSDS500_val,G_fmin012_ks25,69040,0.864159
BSDS500_val,G_fmin012_ks25,76053,0.850417
BSDS500_val,G_fmin012_ks25,78004,0.851129
BSDS500_val,G_fmin012_ks25,8023,0.846309
BSDS500_val,G_fmin012_ks25,85048,0.849971
BSDS500_val,G_fmin012_ks25,86000,0.850872
BSDS500_val,G_fmin012_ks25,86016,0.848539
BSDS500_val,G_fmin012_ks25,86068,0.848629
BSDS500_val,G_fmin012_ks25,87046,0.854657
BSDS500_val,G_fmin012_ks25,89072,0.849271
BSDS500_val,G_fmin012_ks25,97033,0.847852
